{
	"credit": "Made with Blockbench",
	"texture_size": [32, 32],
	"textures": {
		"1": "minecraft:block/redstone_headlamp"
	},
	"elements": [
		{
			"name": "brim",
			"from": [3, 7, 2],
			"to": [13, 7, 14],
			"faces": {
				"north": {"uv": [0, 0, 5, 0], "texture": "#1"},
				"east": {"uv": [0, 0, 6, 0], "texture": "#1"},
				"south": {"uv": [0, 0, 5, 0], "texture": "#1"},
				"west": {"uv": [0, 0, 6, 0], "texture": "#1"},
				"up": {"uv": [5, 6, 0, 0], "texture": "#1"},
				"down": {"uv": [10, 0, 5, 6], "texture": "#1"}
			}
		},
		{
			"name": "crown",
			"from": [4, 7, 4],
			"to": [12, 10, 12],
			"faces": {
				"north": {"uv": [8, 6, 12, 7.5], "texture": "#1"},
				"east": {"uv": [8, 7.5, 12, 9], "texture": "#1"},
				"south": {"uv": [8, 9, 12, 10.5], "texture": "#1"},
				"west": {"uv": [0, 10, 4, 11.5], "texture": "#1"},
				"up": {"uv": [4, 10, 0, 6], "texture": "#1"},
				"down": {"uv": [8, 6, 4, 10], "texture": "#1"}
			}
		},
		{
			"name": "lamp",
			"from": [6, 7, 3],
			"to": [10, 11, 5],
			"faces": {
				"north": {"uv": [10, 0, 12, 2], "texture": "#1"},
				"east": {"uv": [5, 11, 6, 13], "texture": "#1"},
				"south": {"uv": [10, 2, 12, 4], "texture": "#1"},
				"west": {"uv": [6, 11, 7, 13], "texture": "#1"},
				"up": {"uv": [12, 6, 10, 5], "texture": "#1"},
				"down": {"uv": [13, 10.5, 11, 11.5], "texture": "#1"}
			}
		},
		{
			"name": "right_fasten",
			"from": [12.25, 8, 5],
			"to": [12.25, 9, 7],
			"faces": {
				"north": {"uv": [0, 0, 0, 0.5], "texture": "#1"},
				"east": {"uv": [1, 11.5, 2, 12], "texture": "#1"},
				"south": {"uv": [0, 0, 0, 0.5], "texture": "#1"},
				"west": {"uv": [2, 11.5, 3, 12], "texture": "#1"},
				"up": {"uv": [0, 1, 0, 0], "texture": "#1"},
				"down": {"uv": [0, 0, 0, 1], "texture": "#1"}
			}
		},
		{
			"name": "left_fasten",
			"from": [3.8, 8, 5],
			"to": [3.8, 9, 7],
			"faces": {
				"north": {"uv": [0, 0, 0, 0.5], "texture": "#1"},
				"east": {"uv": [3, 11.5, 4, 12], "texture": "#1"},
				"south": {"uv": [0, 0, 0, 0.5], "texture": "#1"},
				"west": {"uv": [11, 11.5, 12, 12], "texture": "#1"},
				"up": {"uv": [0, 1, 0, 0], "texture": "#1"},
				"down": {"uv": [0, 0, 0, 1], "texture": "#1"}
			}
		},
		{
			"name": "right_strap",
			"from": [12, 1, 5],
			"to": [12, 7, 7],
			"faces": {
				"north": {"uv": [0, 0, 0, 3], "texture": "#1"},
				"east": {"uv": [8, 10.5, 9, 13.5], "texture": "#1"},
				"south": {"uv": [0, 0, 0, 3], "texture": "#1"},
				"west": {"uv": [9, 10.5, 10, 13.5], "texture": "#1"},
				"up": {"uv": [0, 1, 0, 0], "texture": "#1"},
				"down": {"uv": [0, 0, 0, 1], "texture": "#1"}
			}
		},
		{
			"name": "left_strap",
			"from": [4, 1, 5],
			"to": [4, 7, 7],
			"faces": {
				"north": {"uv": [0, 0, 0, 3], "texture": "#1"},
				"east": {"uv": [10, 10.5, 11, 13.5], "texture": "#1"},
				"south": {"uv": [0, 0, 0, 3], "texture": "#1"},
				"west": {"uv": [4, 11, 5, 14], "texture": "#1"},
				"up": {"uv": [0, 1, 0, 0], "texture": "#1"},
				"down": {"uv": [0, 0, 0, 1], "texture": "#1"}
			}
		},
		{
			"name": "bottom_strap",
			"from": [4, 1, 5],
			"to": [12, 1, 7],
			"rotation": {"angle": 0, "axis": "y", "origin": [7.1, 1, 6]},
			"faces": {
				"north": {"uv": [0, 0, 4, 0], "texture": "#1"},
				"east": {"uv": [0, 0, 1, 0], "texture": "#1"},
				"south": {"uv": [0, 0, 4, 0], "texture": "#1"},
				"west": {"uv": [0, 0, 1, 0], "texture": "#1"},
				"up": {"uv": [8, 11, 4, 10], "texture": "#1"},
				"down": {"uv": [14, 4, 10, 5], "texture": "#1"}
			}
		},
		{
			"name": "strap_clasp",
			"from": [7, 0.9, 5],
			"to": [9, 0.9, 7],
			"rotation": {"angle": 0, "axis": "y", "origin": [0, 1, 0]},
			"faces": {
				"north": {"uv": [0, 0, 1, 0], "texture": "#1"},
				"east": {"uv": [0, 0, 1, 0], "texture": "#1"},
				"south": {"uv": [0, 0, 1, 0], "texture": "#1"},
				"west": {"uv": [0, 0, 1, 0], "texture": "#1"},
				"up": {"uv": [8, 12, 7, 11], "texture": "#1"},
				"down": {"uv": [1, 11.5, 0, 12.5], "texture": "#1"}
			}
		}
	],
	"display": {
		"thirdperson_righthand": {
			"rotation": [-1, 0, 0],
			"translation": [0, 0.5, 0.5],
			"scale": [0.5, 0.5, 0.5]
		},
		"thirdperson_lefthand": {
			"rotation": [-1, 0, 0],
			"translation": [0, 0.5, 0.5],
			"scale": [0.5, 0.5, 0.5]
		},
		"firstperson_righthand": {
			"rotation": [-180, 45, -180],
			"translation": [0.25, 6, 0.5],
			"scale": [0.5, 0.5, 0.5]
		},
		"firstperson_lefthand": {
			"rotation": [-180, 45, -180],
			"translation": [0.25, 6, 0.5],
			"scale": [0.5, 0.5, 0.5]
		},
		"ground": {
			"rotation": [45, 0, 0],
			"scale": [0.75, 0.75, 0.75]
		},
		"gui": {
			"rotation": [30, -150, 0],
			"translation": [0.25, 1.5, 0]
		},
		"head": {
			"translation": [0, 5, 0.25],
			"scale": [1.81, 1.63, 1.88]
		},
		"fixed": {
			"translation": [0, 1.5, 0]
		}
	},
	"groups": [
		{
			"name": "redstone_headlamp",
			"origin": [0, 1, 0],
			"color": 0,
			"children": [0, 1, 2, 3, 4, 5, 6, 7, 8]
		}
	]
}